Isolate_ID,Country,Year,sdoc,swal,cser,lfra,ebet,zwil,qnar
iso_0001,Niger,2009,1,1,2,1,1,1,3
iso_0002,Belarus,2007,3,3,2,2,3,1,3
iso_0003,Belarus,2011,1,1,1,1,1,3,1
iso_0004,Czech Republic,2008,3,1,3,1,1,2,1
iso_0005,South Africa,2011,2,2,2,3,3,1,2
iso_0006,Belarus,2002,1,2,1,1,1,2,1
iso_0007,South Africa,2013,2,3,1,3,3,1,3
iso_0008,Sweden,2011,1,1,1,1,3,3,2
iso_0009,Belarus,2007,2,3,2,3,2,1,2
iso_0010,Mozambique,2008,1,1,1,1,2,2,2
iso_0011,Russia,2017,1,3,1,1,3,1,2
iso_0012,South Africa,2007,1,1,2,3,3,2,2
iso_0013,Russia,2013,3,3,2,1,2,2,1
iso_0014,Poland,2009,3,1,2,3,2,1,2
iso_0015,Czech Republic,2007,1,1,3,1,2,1,3
iso_0016,Poland,2013,2,3,3,1,2,2,3
iso_0017,Poland,2011,1,1,2,2,2,1,1
iso_0018,South Africa,2013,3,2,3,2,1,2,2
iso_0019,Germany,2013,1,1,1,1,2,2,2
iso_0020,Russia,2008,3,3,1,2,2,3,2
iso_0021,Malawi,2013,1,1,1,3,3,3,2
iso_0022,South Africa,2002,2,3,1,1,2,1,2
iso_0023,Poland,2014,1,3,1,1,1,1,1
iso_0024,Russia,2007,3,3,3,3,3,3,1
iso_0025,Russia,2007,2,2,3,2,1,3,1
iso_0026,Poland,2009,3,2,1,3,2,2,1
iso_0027,Russia,2008,1,1,2,3,1,2,1
iso_0028,Germany,2013,1,1,2,3,3,1,2
iso_0029,Mozambique,1988,1,1,1,3,2,1,3
iso_0030,Poland,2008,2,1,2,1,1,1,1
iso_0031,South Africa,2007,1,3,3,2,2,3,1
iso_0032,Belarus,2012,3,2,3,1,2,1,1
iso_0033,South Africa,2008,3,3,1,3,2,1,1
iso_0034,Russia,2006,1,1,3,3,3,1,3
iso_0035,South Africa,2008,3,3,2,3,3,2,3
iso_0036,South Africa,2002,2,1,3,1,1,1,3
iso_0037,Belarus,2006,3,3,3,1,3,1,1
iso_0038,Germany,2012,1,1,3,1,1,3,3
iso_0039,Czech Republic,2006,2,1,2,3,1,2,2
iso_0040,Poland,2007,3,3,2,2,1,3,2
iso_0041,Poland,2007,2,3,3,2,3,1,2
iso_0042,Niger,2007,1,1,2,1,2,2,3
iso_0043,Russia,2006,1,2,1,3,3,1,3
iso_0044,Malawi,2002,1,2,1,2,2,2,1
iso_0045,Russia,2013,3,3,1,3,1,3,3
iso_0046,Russia,2006,1,2,2,3,1,3,1
iso_0047,Czech Republic,2005,2,3,3,1,3,2,3
iso_0048,Belarus,2008,3,2,3,1,1,1,1
iso_0049,South Africa,2009,3,3,3,3,3,2,2
iso_0050,Belarus,2008,3,2,2,2,1,1,3
iso_0051,Belarus,2016,1,1,2,1,2,3,2
iso_0052,Russia,2013,3,2,1,1,3,1,3
iso_0053,Poland,2013,2,2,3,3,3,1,3
iso_0054,Belarus,2013,1,1,2,3,1,2,1
iso_0055,Czech Republic,2007,2,1,1,2,3,3,3
iso_0056,Poland,2009,3,3,1,3,3,1,2
iso_0057,Czech Republic,2008,1,3,2,1,3,3,2
iso_0058,Mozambique,2009,1,1,1,3,2,1,3
iso_0059,South Africa,2013,3,2,1,3,3,1,3
iso_0060,South Africa,2006,2,3,3,3,2,3,2
iso_0061,Poland,2016,1,1,3,3,3,1,1
iso_0062,Poland,2008,1,1,3,2,3,3,3
iso_0063,Russia,2008,2,3,1,2,2,3,2
iso_0064,South Africa,2008,2,3,2,1,2,1,2
iso_0065,South Africa,1988,2,1,3,1,1,1,3
iso_0066,Russia,2017,3,1,3,2,1,2,2
iso_0067,Czech Republic,2016,2,2,3,3,3,2,1
iso_0068,South Africa,2015,1,2,1,1,1,1,3
iso_0069,South Africa,2004,1,1,2,3,3,2,2
iso_0070,Malawi,2011,3,3,3,1,2,2,3
iso_0071,South Africa,2020,3,3,1,1,1,3,2
iso_0072,Germany,2007,3,1,3,3,3,1,3
iso_0073,Poland,2011,1,3,2,3,2,1,1
iso_0074,Belarus,2006,1,1,1,2,3,2,1
iso_0075,South Africa,2007,1,1,3,2,1,2,3
iso_0076,Russia,2004,2,2,1,3,2,2,1
iso_0077,Mozambique,2007,1,1,2,1,1,3,2
iso_0078,Czech Republic,2012,2,3,3,3,3,1,3
iso_0079,Australia,2016,1,1,1,3,3,3,1
iso_0080,Malawi,2007,2,2,1,1,3,3,1
iso_0081,South Africa,2006,3,3,3,1,3,2,1
iso_0082,Malawi,2007,2,1,1,1,3,1,2
iso_0083,Mozambique,2011,1,1,2,2,1,3,1
iso_0084,Russia,2006,1,1,1,1,2,1,2
iso_0085,South Africa,2009,3,3,3,3,2,2,2
iso_0086,Russia,2007,2,1,2,1,3,3,2
iso_0087,Czech Republic,2013,2,2,3,1,1,3,1
iso_0088,Russia,2007,1,1,2,2,1,1,1
iso_0089,Malawi,2007,1,1,3,1,3,2,2
iso_0090,South Africa,1988,3,1,3,3,2,2,2
iso_0091,South Africa,2013,3,2,2,3,1,3,1
iso_0092,Czech Republic,2008,1,3,2,3,1,3,1
iso_0093,Russia,2008,2,1,1,3,1,3,3
iso_0094,Malawi,2006,3,1,1,1,2,3,2
iso_0095,Russia,2016,2,3,3,3,3,3,3
iso_0096,Russia,2011,2,3,3,3,3,3,3
iso_0097,Germany,2007,2,3,3,2,3,2,2
iso_0098,Mozambique,2009,1,1,2,3,1,2,1
iso_0099,South Africa,2005,2,1,2,1,1,3,3
iso_0100,South Africa,2015,2,2,2,1,2,2,1
iso_0101,South Africa,2009,1,3,3,3,3,2,1
iso_0102,South Africa,2016,1,3,3,3,1,2,1
iso_0103,Niger,2011,1,1,2,2,1,2,1
iso_0104,Germany,2006,3,1,2,1,1,2,1
iso_0105,Belarus,2008,1,3,3,2,1,2,3
iso_0106,Poland,2007,1,2,1,2,3,2,1
iso_0107,Russia,2009,1,1,3,3,2,3,2
iso_0108,Czech Republic,2009,1,2,3,1,3,1,3
iso_0109,Mozambique,2007,1,1,2,3,1,2,1
iso_0110,Russia,2008,3,1,3,3,1,1,1
iso_0111,Russia,2007,1,1,3,2,2,3,2
iso_0112,South Africa,2007,1,1,1,2,1,1,1
iso_0113,Australia,2006,1,1,3,1,3,3,1
iso_0114,Belarus,2011,1,1,2,3,1,2,1
iso_0115,Czech Republic,2014,1,2,2,2,3,2,2
iso_0116,Malawi,1988,2,3,3,1,2,1,3
iso_0117,South Africa,2007,1,3,3,2,1,1,2
iso_0118,South Africa,2006,3,3,3,3,1,1,1
iso_0119,Poland,2007,1,2,3,2,3,1,3
iso_0120,Poland,2007,3,1,1,3,2,2,2
iso_0121,Czech Republic,2009,1,2,2,1,2,3,3
iso_0122,Russia,2017,2,3,3,3,3,3,3
iso_0123,Mozambique,2007,1,1,2,3,1,2,1
iso_0124,Germany,2013,1,1,3,2,2,2,3
iso_0125,Germany,2008,3,1,2,3,3,1,1
iso_0126,South Africa,2012,3,2,1,1,1,1,1
iso_0127,Russia,2020,3,1,3,2,1,2,1
iso_0128,Belarus,2002,1,2,3,1,2,3,1
iso_0129,Mozambique,2006,1,1,3,3,1,2,3
iso_0130,Russia,2005,3,3,3,1,2,1,3
iso_0131,Russia,2013,3,1,2,3,3,1,1
iso_0132,Poland,2008,2,2,1,3,2,1,3
iso_0133,South Africa,2008,1,3,3,1,1,1,2
iso_0134,Russia,2005,1,1,2,3,1,2,1
iso_0135,Germany,2011,1,1,3,3,1,2,3
iso_0136,Malawi,2013,3,2,1,1,2,2,3
iso_0137,South Africa,2008,3,1,2,1,1,1,2
iso_0138,Belarus,2008,2,1,2,2,3,3,1
iso_0139,Malawi,2013,1,3,3,3,2,2,2
iso_0140,Belarus,2011,1,1,3,1,3,2,1
iso_0141,Germany,2008,2,2,1,1,3,3,2
iso_0142,Czech Republic,2007,2,3,3,1,3,3,1
iso_0143,Czech Republic,2013,3,1,2,1,1,2,3
iso_0144,Germany,2007,1,2,2,2,2,3,3
iso_0145,Germany,2007,3,1,1,1,2,2,2
iso_0146,South Africa,2008,2,2,2,3,2,1,3
iso_0147,Sweden,2007,1,1,1,3,2,1,3
iso_0148,Belarus,2008,1,1,1,3,2,1,3
iso_0149,Belarus,2007,2,1,2,3,2,3,2
iso_0150,South Africa,2020,1,2,1,2,2,3,2
iso_0151,South Africa,2008,3,2,3,3,2,3,1
iso_0152,Niger,2006,1,1,2,2,3,3,2
iso_0153,Russia,2002,2,3,2,3,2,3,2
iso_0154,Malawi,2016,1,3,2,2,2,3,3
iso_0155,Poland,2008,2,3,3,3,1,1,2
iso_0156,China,2009,1,1,1,3,2,1,3
iso_0157,Czech Republic,2013,3,3,1,1,3,1,3
iso_0158,Poland,2013,2,3,1,1,2,2,2
iso_0159,Russia,2005,2,1,3,2,2,2,2
iso_0160,Poland,2007,3,1,2,2,2,3,2
iso_0161,Russia,2008,1,3,2,2,3,1,1
iso_0162,South Africa,2020,2,2,1,3,1,1,2
iso_0163,Belarus,2008,2,2,1,2,3,1,3
iso_0164,Russia,2002,2,2,2,3,3,3,2
iso_0165,Malawi,2008,1,1,1,2,3,3,1
iso_0166,Sweden,2006,1,1,2,1,3,2,1
iso_0167,Czech Republic,2006,3,3,2,1,3,2,1
iso_0168,South Africa,2006,3,3,2,2,1,3,2
iso_0169,Czech Republic,2007,1,1,3,2,2,2,2
iso_0170,Niger,2004,1,1,3,1,3,1,3
iso_0171,Sweden,2011,1,1,2,3,1,2,1
iso_0172,Poland,2012,3,3,1,1,2,1,2
iso_0173,Malawi,2015,1,1,1,1,1,3,3
iso_0174,Belarus,2009,1,1,2,3,1,2,1
iso_0175,Germany,2007,1,1,3,3,1,3,1
iso_0176,Czech Republic,2013,3,3,1,1,2,3,3
iso_0177,South Africa,2009,2,1,1,1,1,2,1
iso_0178,Germany,2020,1,2,1,3,2,3,1
iso_0179,Sweden,2002,1,1,2,3,1,2,1
iso_0180,Malawi,2016,2,3,3,1,3,1,1
iso_0181,China,2002,1,1,2,3,1,2,1
iso_0182,Russia,2007,1,3,1,2,1,1,1
iso_0183,Germany,2009,2,1,3,2,3,3,1
iso_0184,Mozambique,2004,1,3,1,1,3,2,2
iso_0185,Poland,2013,3,3,1,2,3,2,1
iso_0186,Malawi,2017,1,3,1,1,1,1,1
iso_0187,Sweden,2013,1,2,1,2,1,1,1
iso_0188,Russia,2004,1,2,1,2,3,3,2
iso_0189,South Africa,2011,1,1,1,3,3,1,2
iso_0190,Czech Republic,2007,1,2,3,1,2,2,3
iso_0191,South Africa,2007,3,2,2,3,2,3,1
iso_0192,Czech Republic,2011,1,1,3,1,2,1,2
iso_0193,Poland,2007,3,1,3,2,1,2,3
iso_0194,Belarus,2007,1,3,3,2,3,2,1
iso_0195,South Africa,2004,1,1,1,2,2,2,2
iso_0196,Germany,2008,1,3,2,2,3,2,3
iso_0197,Czech Republic,2005,2,1,1,1,2,2,1
iso_0198,Russia,2007,3,2,2,2,3,2,1
iso_0199,South Africa,2007,1,2,1,1,1,3,1
iso_0200,South Africa,2011,1,2,1,2,1,3,3
iso_0201,South Africa,2013,2,1,2,2,3,2,1
iso_0202,South Africa,2007,2,2,2,3,1,3,1
iso_0203,South Africa,2015,2,3,3,3,1,2,2
iso_0204,Russia,2009,3,1,3,1,2,3,1
iso_0205,Malawi,2015,1,1,3,2,2,1,2
iso_0206,Malawi,2011,1,1,1,1,2,1,1
iso_0207,Czech Republic,2017,3,2,1,3,2,2,1
iso_0208,Australia,2007,1,1,3,2,1,3,2
iso_0209,South Africa,2013,3,1,3,1,2,1,1
iso_0210,Belarus,2015,1,1,3,2,2,3,1
iso_0211,South Africa,2008,1,1,3,2,1,2,1
iso_0212,Russia,2007,2,2,2,1,3,1,1
iso_0213,South Africa,2007,1,1,3,3,3,1,1
iso_0214,Belarus,2017,1,2,1,2,3,3,3
iso_0215,Czech Republic,2015,2,3,1,2,3,2,3
iso_0216,Germany,2016,1,2,2,2,2,2,1
iso_0217,Poland,2013,3,2,1,3,1,2,1
iso_0218,Poland,2009,1,3,2,2,2,3,2
iso_0219,Germany,2011,1,2,3,1,2,1,1
iso_0220,Germany,2007,1,2,2,3,3,3,1
iso_0221,South Africa,2011,2,3,2,3,1,1,3
iso_0222,Mozambique,2013,1,3,2,1,2,1,2
iso_0223,Belarus,2017,1,2,3,1,3,1,3
iso_0224,South Africa,2015,1,2,2,3,1,3,1
iso_0225,Belarus,2007,2,1,1,3,3,1,2
iso_0226,Belarus,2005,3,1,2,3,3,3,2
iso_0227,Australia,2013,1,1,3,3,1,2,2
iso_0228,Poland,1988,2,1,2,2,2,2,2
iso_0229,Czech Republic,2013,1,2,1,3,2,1,3
iso_0230,China,2004,1,1,3,1,2,2,3
iso_0231,Belarus,2012,3,1,3,2,1,2,2
iso_0232,Belarus,2009,3,3,2,2,1,1,3
iso_0233,South Africa,2012,1,1,3,3,3,1,1
iso_0234,Malawi,2008,2,2,2,3,3,3,2
iso_0235,Malawi,2012,3,1,1,1,2,2,1
iso_0236,Malawi,2007,1,2,1,1,2,1,3
iso_0237,Malawi,2007,2,2,1,1,3,2,2
iso_0238,Czech Republic,2009,1,2,1,2,2,1,2
iso_0239,Sweden,2007,1,2,2,1,3,1,3
iso_0240,Belarus,2017,1,3,1,1,3,1,1
iso_0241,Czech Republic,2007,2,2,3,3,2,2,3
iso_0242,China,2005,1,1,3,2,1,1,3
iso_0243,South Africa,2011,1,3,3,1,3,3,1
iso_0244,Russia,2006,2,3,1,3,2,3,2
iso_0245,South Africa,2014,1,2,1,3,3,1,2
iso_0246,South Africa,2013,3,2,1,1,2,1,3
iso_0247,Poland,2005,1,3,2,2,2,3,3
iso_0248,South Africa,2004,1,2,2,1,3,3,1
iso_0249,Australia,2008,1,3,2,1,1,2,1
iso_0250,Germany,2020,1,2,3,1,3,3,3
iso_0251,Czech Republic,2016,1,2,3,2,3,3,3
iso_0252,Poland,2014,3,3,1,1,1,3,3
iso_0253,Russia,2017,3,1,2,2,2,1,3
iso_0254,Czech Republic,2007,3,2,2,2,1,3,1
iso_0255,Poland,2004,1,2,3,3,3,1,1
iso_0256,South Africa,2011,2,2,1,3,3,1,2
iso_0257,Malawi,2005,1,1,2,3,1,2,1
iso_0258,Poland,2011,1,3,3,1,2,2,2
iso_0259,Poland,2011,1,1,2,3,1,2,1
iso_0260,Germany,2007,3,1,1,1,3,2,2
iso_0261,South Africa,2013,1,1,2,3,1,2,1
iso_0262,Belarus,2004,3,1,1,1,2,1,1
iso_0263,South Africa,2013,3,3,1,2,3,3,1
iso_0264,South Africa,2008,1,1,3,2,3,1,2
iso_0265,China,2017,1,1,3,3,1,3,3
iso_0266,Czech Republic,2011,1,1,2,3,1,2,1
iso_0267,Sweden,2013,1,2,3,2,1,3,2
iso_0268,Malawi,2007,2,3,2,2,1,2,1
iso_0269,Germany,2015,1,2,3,2,1,1,2
iso_0270,South Africa,2008,2,1,2,2,1,3,1
iso_0271,South Africa,2007,2,1,1,2,1,1,2
iso_0272,Belarus,2007,1,1,1,3,2,2,3
iso_0273,Belarus,2007,1,1,1,2,1,2,3
iso_0274,China,2012,1,2,1,1,1,3,2
iso_0275,Czech Republic,2011,2,1,1,2,2,3,3
iso_0276,Poland,2013,1,3,2,3,1,3,1
iso_0277,Russia,2011,1,3,2,3,1,3,1
iso_0278,Poland,2015,3,2,3,2,2,2,3
iso_0279,Poland,2006,2,3,2,3,1,1,2
iso_0280,Niger,2008,1,1,3,3,3,1,1
iso_0281,South Africa,2007,2,3,3,2,3,1,2
iso_0282,Belarus,2009,2,1,3,2,2,2,3
iso_0283,South Africa,2008,3,3,1,1,3,2,1
iso_0284,Russia,2007,2,2,1,1,2,2,2
iso_0285,Russia,2004,2,2,2,3,3,2,3
iso_0286,Russia,2013,3,1,1,1,1,3,3
iso_0287,Belarus,2013,1,3,1,2,3,3,3
iso_0288,Russia,2011,2,3,2,1,1,3,3
iso_0289,Poland,2007,2,2,2,3,1,1,1
iso_0290,Malawi,2005,3,3,2,3,2,1,2
iso_0291,Belarus,2013,1,3,1,3,1,3,1
iso_0292,Belarus,2020,1,3,3,2,1,3,1
iso_0293,Russia,2014,3,1,1,3,1,3,1
iso_0294,Russia,2012,2,3,1,3,1,3,1
iso_0295,Russia,2020,2,2,1,1,1,1,2
iso_0296,Czech Republic,2013,3,3,1,3,2,2,2
iso_0297,South Africa,2006,2,2,2,1,1,2,2
iso_0298,Belarus,2013,1,3,3,2,2,3,3
iso_0299,Belarus,2013,2,1,1,2,2,3,2
iso_0300,Poland,2017,1,3,3,1,1,2,3
iso_0301,Belarus,2006,2,1,2,3,2,1,2
iso_0302,Malawi,2016,3,3,2,2,1,3,2
iso_0303,Australia,2008,1,3,2,2,3,2,3
iso_0304,South Africa,2020,1,3,2,3,2,3,3
iso_0305,Czech Republic,2014,1,3,1,3,2,2,2
iso_0306,Czech Republic,2011,3,2,2,3,3,1,2
iso_0307,South Africa,2004,1,3,3,2,1,1,1
iso_0308,Poland,2013,1,2,3,2,1,2,2
iso_0309,Malawi,2007,3,1,1,1,1,1,2
iso_0310,Russia,2007,1,1,3,1,1,2,3
iso_0311,Czech Republic,2013,3,3,2,2,1,3,2
iso_0312,Malawi,2007,3,1,2,1,2,3,2
iso_0313,Sweden,2007,1,3,1,3,1,2,1
iso_0314,Czech Republic,2014,3,1,3,2,3,1,3
iso_0315,Poland,2005,2,2,1,2,3,3,1
iso_0316,Russia,2014,3,1,3,2,2,2,2
iso_0317,Malawi,2013,1,3,1,3,1,2,3
iso_0318,Russia,2008,2,3,3,2,1,3,2
iso_0319,Poland,2002,2,3,2,2,2,1,2
iso_0320,South Africa,2007,2,1,3,3,3,1,2
iso_0321,Poland,2007,3,2,2,1,1,1,3
iso_0322,South Africa,2017,3,2,3,1,3,1,3
iso_0323,South Africa,1988,1,2,2,2,3,2,1
iso_0324,Germany,2020,1,3,1,1,1,3,2
iso_0325,Czech Republic,2020,3,1,3,3,3,2,1
iso_0326,Russia,2016,3,1,2,2,1,2,1
iso_0327,South Africa,2015,1,2,1,1,2,1,2
iso_0328,Germany,2004,1,1,2,2,1,1,3
iso_0329,Russia,2005,2,1,3,3,1,2,2
iso_0330,Malawi,2002,3,3,1,2,1,2,3
iso_0331,Russia,2011,2,3,1,3,2,2,3
iso_0332,Germany,2012,1,3,2,2,2,2,1
iso_0333,Russia,2011,3,2,1,2,2,1,2
iso_0334,Sweden,2004,2,1,1,1,3,1,3
iso_0335,Russia,2009,2,2,3,3,2,2,1
iso_0336,South Africa,2002,2,1,3,3,2,3,2
iso_0337,China,2007,1,2,3,1,1,2,1
iso_0338,Germany,2008,2,3,3,3,2,3,3
iso_0339,South Africa,2011,1,3,2,1,3,3,3
iso_0340,China,2014,1,2,3,2,2,2,3
iso_0341,South Africa,2011,1,2,3,3,3,1,1
iso_0342,Poland,2007,3,3,2,2,1,2,2
iso_0343,South Africa,2008,2,2,2,2,2,1,1
iso_0344,Germany,2002,2,3,3,2,3,2,1
iso_0345,China,2007,1,2,3,2,2,3,2
iso_0346,South Africa,2005,1,1,3,1,1,3,1
iso_0347,Russia,2008,1,1,3,3,3,1,1
iso_0348,Germany,2015,1,3,2,2,3,2,2
iso_0349,Germany,2004,3,2,2,3,2,1,2
iso_0350,South Africa,2007,1,1,2,3,3,2,1
iso_0351,South Africa,2011,1,2,2,1,1,3,3
iso_0352,South Africa,2013,2,2,2,1,2,3,1
iso_0353,Germany,2017,1,3,2,3,3,1,2
iso_0354,Malawi,2013,1,3,3,2,2,3,2
iso_0355,Czech Republic,1988,3,1,2,1,1,2,2
iso_0356,South Africa,2009,3,1,2,3,2,3,3
iso_0357,South Africa,2016,3,3,2,3,3,1,2
iso_0358,Belarus,2004,3,3,3,2,2,1,2
iso_0359,South Africa,2008,1,1,3,2,1,2,3
iso_0360,Niger,2014,1,1,3,3,3,2,3
iso_0361,Malawi,2014,3,2,3,1,3,1,3
iso_0362,Russia,2012,2,2,2,1,1,1,3
iso_0363,Belarus,2004,3,3,1,1,2,1,3
iso_0364,Poland,2005,1,2,3,1,1,2,2
iso_0365,Russia,2009,3,1,2,3,2,1,1
iso_0366,Russia,2005,1,1,2,3,3,1,1
iso_0367,Belarus,2005,3,3,1,1,3,1,1
iso_0368,Malawi,2007,3,2,1,1,2,1,3
iso_0369,Poland,2013,1,2,3,3,2,3,2
iso_0370,Russia,2009,1,3,2,2,1,1,2
iso_0371,South Africa,2012,1,1,1,1,2,2,1
iso_0372,Mozambique,2011,1,3,3,1,2,1,2
iso_0373,Belarus,2008,2,2,3,1,1,3,1
iso_0374,Russia,1988,1,3,2,2,3,2,3
iso_0375,Sweden,2011,2,1,2,1,2,3,2
iso_0376,Russia,2007,2,1,2,2,3,2,3
iso_0377,Australia,2004,1,3,2,2,3,2,3
iso_0378,South Africa,2008,2,1,3,3,3,3,3
iso_0379,Russia,2013,1,3,2,2,2,1,3
iso_0380,Russia,2002,1,1,2,1,1,3,3
iso_0381,Belarus,1988,3,3,1,2,3,3,2
iso_0382,Poland,2013,3,3,2,2,1,3,2
iso_0383,Belarus,2007,1,1,2,1,2,3,3
iso_0384,Czech Republic,2008,1,1,1,2,3,2,2
iso_0385,South Africa,2008,1,3,1,2,2,1,2
iso_0386,South Africa,2008,2,1,3,1,2,1,2
iso_0387,Niger,2017,1,2,1,1,3,3,1
iso_0388,Malawi,2011,2,1,3,3,1,3,3
iso_0389,South Africa,2012,1,1,1,3,2,1,3
iso_0390,Malawi,2020,2,3,3,1,2,1,1
iso_0391,Czech Republic,2015,3,3,3,1,2,2,3
iso_0392,South Africa,2007,2,1,3,2,3,2,3
iso_0393,Malawi,2011,2,1,1,3,3,3,1
iso_0394,Mozambique,2007,1,3,3,2,2,2,2
iso_0395,Poland,2011,3,1,2,3,1,2,2
iso_0396,Czech Republic,2007,1,1,1,2,2,2,1
iso_0397,South Africa,2013,2,1,3,2,2,3,1
iso_0398,Germany,2007,3,3,2,2,1,3,2
iso_0399,Belarus,2016,2,1,2,2,1,2,3
iso_0400,South Africa,1988,3,3,3,3,2,3,1
iso_0401,Russia,2007,1,2,3,3,2,2,1
iso_0402,South Africa,2006,3,2,1,2,2,1,2
iso_0403,Czech Republic,2009,1,3,1,3,1,3,3
iso_0404,Russia,2017,2,3,1,1,2,3,1
iso_0405,Belarus,2007,1,1,2,3,1,2,1
iso_0406,Russia,2012,3,3,3,2,2,2,3
iso_0407,Malawi,2020,3,3,1,3,1,1,1
iso_0408,Belarus,2012,2,1,3,2,1,1,3
iso_0409,Malawi,2009,1,2,2,1,3,2,1
iso_0410,Belarus,2007,1,1,2,3,1,2,1
iso_0411,Malawi,2013,1,1,3,1,1,1,3
iso_0412,South Africa,2017,3,1,3,2,1,2,2
iso_0413,South Africa,2013,3,1,2,1,3,1,2
iso_0414,Poland,2009,3,3,2,2,1,2,2
iso_0415,South Africa,2009,1,2,2,2,3,1,1
iso_0416,Malawi,2007,3,2,1,1,1,2,2
iso_0417,Czech Republic,2004,3,2,2,3,2,3,1
iso_0418,Germany,2008,2,1,3,1,1,1,3
iso_0419,South Africa,2011,1,2,3,3,1,1,3
iso_0420,Belarus,2007,3,1,3,3,1,2,1
iso_0421,South Africa,2007,2,2,3,2,1,1,1
iso_0422,Belarus,2009,2,1,3,1,1,1,3
iso_0423,Russia,2002,3,1,3,3,1,1,1
iso_0424,Russia,2009,1,1,2,3,1,2,1
iso_0425,South Africa,2011,3,3,3,2,3,1,3
iso_0426,South Africa,2006,1,1,1,1,1,1,3
iso_0427,South Africa,2007,2,2,2,2,1,1,2
iso_0428,China,1988,1,3,1,3,2,3,2
iso_0429,Malawi,2009,3,3,3,3,2,3,1
iso_0430,Niger,2013,1,3,1,1,3,3,1
iso_0431,Russia,2014,3,2,3,2,1,3,3
iso_0432,South Africa,2007,1,3,3,2,2,1,3
iso_0433,Czech Republic,2007,1,2,1,3,1,2,2
iso_0434,Germany,1988,2,1,1,3,1,3,3
iso_0435,Germany,2006,3,3,1,3,2,3,3
iso_0436,South Africa,2007,3,1,3,1,1,3,2
iso_0437,Belarus,2007,3,3,1,2,1,1,1
iso_0438,Germany,2016,1,3,2,3,3,1,2
iso_0439,South Africa,2011,1,2,3,3,3,2,3
iso_0440,Russia,2014,3,1,3,1,1,2,3
iso_0441,Sweden,2012,2,1,3,1,1,1,3
iso_0442,Poland,2007,2,2,2,2,1,2,1
iso_0443,South Africa,2017,3,2,2,2,2,1,3
iso_0444,Russia,2004,1,3,3,3,3,3,1
iso_0445,Belarus,2013,2,1,2,2,3,1,2
iso_0446,Malawi,2006,1,2,2,3,2,2,2
iso_0447,Belarus,2009,3,2,1,1,3,2,2
iso_0448,Mozambique,2016,2,1,1,2,1,3,2
iso_0449,Australia,2015,2,1,1,1,1,2,1
iso_0450,Poland,2016,2,1,2,2,2,2,1
iso_0451,Poland,2007,3,2,3,3,2,3,3
iso_0452,Belarus,2008,1,3,3,3,3,3,2
iso_0453,Belarus,2013,2,2,1,2,1,2,1
iso_0454,South Africa,2016,1,3,1,3,1,2,1
iso_0455,South Africa,2017,2,1,3,1,2,2,3
iso_0456,Belarus,2020,2,2,1,3,3,3,2
iso_0457,Australia,2007,2,1,1,1,1,2,1
iso_0458,Russia,2013,3,1,3,3,1,1,1
iso_0459,Russia,2012,3,1,2,2,1,2,2
iso_0460,Czech Republic,2009,2,2,2,1,1,1,2
iso_0461,South Africa,2008,1,2,3,2,1,2,2
iso_0462,China,2008,1,3,3,2,3,1,2
iso_0463,South Africa,2007,1,1,2,2,1,3,1
iso_0464,Belarus,2009,1,1,2,3,3,1,1
iso_0465,Poland,2014,2,3,1,1,3,3,1
iso_0466,Germany,2012,2,1,1,1,3,1,2
iso_0467,South Africa,2009,3,3,2,3,3,2,1
iso_0468,Malawi,2009,1,3,2,1,3,2,3
iso_0469,Belarus,2006,2,2,1,3,3,2,2
iso_0470,South Africa,2013,3,1,3,3,2,2,1
iso_0471,South Africa,2007,1,3,2,2,2,3,3
iso_0472,South Africa,2013,1,1,2,1,3,1,3
iso_0473,Australia,2020,2,1,2,2,2,3,3
iso_0474,Russia,2007,2,2,3,3,2,1,3
iso_0475,Malawi,2005,2,1,2,1,3,1,2
iso_0476,South Africa,2007,2,2,3,1,1,1,3
iso_0477,Belarus,2013,2,2,2,2,1,3,2
iso_0478,Poland,2007,1,1,1,1,2,3,3
iso_0479,Poland,2005,3,3,1,2,3,3,3
iso_0480,South Africa,2011,2,1,2,3,1,3,3
iso_0481,Czech Republic,2008,3,3,3,1,3,1,3
iso_0482,Czech Republic,2009,3,1,2,1,3,2,1
iso_0483,Niger,2013,1,3,2,2,1,3,3
iso_0484,China,2004,2,1,1,1,3,1,1
iso_0485,Malawi,2015,1,3,2,1,3,2,3
iso_0486,Belarus,2016,2,2,2,3,3,3,1
iso_0487,Poland,2009,2,2,2,1,1,2,3
iso_0488,South Africa,2002,1,1,2,3,1,2,1
iso_0489,Russia,2008,2,2,2,1,1,1,2
iso_0490,Malawi,2005,3,3,2,1,1,2,2
iso_0491,Belarus,2011,2,3,1,1,1,1,1
iso_0492,Sweden,2009,2,1,3,2,1,1,3
iso_0493,South Africa,2007,3,3,2,3,2,1,3
iso_0494,South Africa,2007,3,2,3,1,2,1,1
iso_0495,Czech Republic,2007,2,2,2,3,2,3,2
iso_0496,Germany,2009,3,2,2,1,3,2,2
iso_0497,Belarus,2007,1,2,1,1,1,3,3
iso_0498,Czech Republic,2013,2,3,1,1,2,3,2
iso_0499,Russia,2007,3,2,2,1,1,2,1
iso_0500,Belarus,2009,2,2,1,2,3,3,2
iso_0501,Malawi,2002,3,3,1,1,3,2,2
iso_0502,Czech Republic,2007,1,1,3,2,3,1,1
iso_0503,Belarus,2006,3,1,3,2,2,3,1
iso_0504,South Africa,2013,3,3,1,3,3,1,1
iso_0505,Malawi,2009,2,2,3,2,3,3,2
iso_0506,South Africa,2013,3,3,2,2,1,3,2
iso_0507,Germany,2009,3,3,1,3,1,3,2
iso_0508,Australia,2007,2,1,3,1,3,3,3
iso_0509,Belarus,2009,2,2,3,2,2,2,3
iso_0510,Russia,2006,2,3,2,2,2,2,1
iso_0511,Niger,2008,1,3,2,3,2,1,2
iso_0512,Germany,2014,2,1,1,1,3,1,2
iso_0513,Belarus,2005,1,3,3,3,2,3,3
iso_0514,Mozambique,2014,2,1,2,1,2,2,1
iso_0515,Germany,2009,2,3,3,1,1,2,3
iso_0516,South Africa,2005,1,2,3,3,3,2,1
iso_0517,South Africa,2011,3,3,1,3,1,1,2
iso_0518,Belarus,2007,1,1,2,3,1,2,1
iso_0519,Mozambique,2002,2,1,3,2,1,2,3
iso_0520,Russia,1988,3,2,1,2,1,1,3
iso_0521,Malawi,2004,1,2,1,3,3,3,1
iso_0522,Poland,2008,2,3,2,1,2,2,3
iso_0523,Poland,2008,2,2,2,2,3,3,2
iso_0524,South Africa,2007,3,3,1,2,3,2,3
iso_0525,Belarus,1988,1,2,3,1,3,3,2
iso_0526,Belarus,2008,2,3,2,2,1,3,2
iso_0527,South Africa,2017,1,1,1,2,3,1,1
iso_0528,Belarus,2004,3,2,1,2,1,3,3
iso_0529,Malawi,2004,3,3,2,2,1,3,2
iso_0530,Belarus,2014,2,3,1,3,3,3,1
iso_0531,Russia,2009,1,3,1,2,2,1,3
iso_0532,South Africa,2013,1,2,1,3,3,1,1
iso_0533,Belarus,2007,3,2,2,2,3,1,1
iso_0534,Czech Republic,1988,1,1,1,1,2,2,3
iso_0535,Malawi,2012,2,1,3,2,3,1,2
iso_0536,Malawi,2020,1,1,1,3,1,3,2
iso_0537,Germany,2015,2,1,2,3,3,2,1
iso_0538,Germany,2006,1,2,3,2,2,3,3
iso_0539,Germany,2007,2,3,3,1,1,1,3
iso_0540,China,2011,2,1,1,1,3,1,2
iso_0541,Malawi,2008,2,3,1,3,3,2,2
iso_0542,South Africa,2013,1,2,3,3,2,3,1
iso_0543,Russia,2004,1,3,1,1,1,1,3
iso_0544,South Africa,2008,2,2,2,3,3,3,2
iso_0545,Poland,2013,1,2,2,3,3,1,2
iso_0546,Russia,2009,3,2,1,1,1,2,2
iso_0547,Malawi,2005,1,3,1,3,1,2,1
iso_0548,China,2007,2,1,3,1,1,1,3
iso_0549,South Africa,2014,1,3,2,2,3,2,3
iso_0550,South Africa,2011,3,1,3,3,1,3,2
iso_0551,Sweden,2008,2,1,3,2,1,1,3
iso_0552,Poland,2009,3,2,2,1,1,3,1
iso_0553,Czech Republic,2007,1,1,1,1,2,1,1
iso_0554,Russia,2008,2,3,2,3,2,3,2
iso_0555,Belarus,2013,2,3,2,3,2,2,3
iso_0556,Belarus,2014,3,1,1,1,2,1,2
iso_0557,Russia,2006,3,1,3,3,1,1,2
iso_0558,Germany,2004,2,1,1,2,2,2,3
iso_0559,Belarus,2004,1,1,3,2,1,2,2
iso_0560,Russia,2007,3,3,1,2,3,3,3
iso_0561,South Africa,2005,3,3,1,3,3,3,3
iso_0562,Germany,2007,1,3,1,1,1,1,1
iso_0563,Mozambique,2005,2,3,1,3,2,1,1
iso_0564,South Africa,2014,3,3,1,3,3,2,2
iso_0565,Czech Republic,2016,3,3,2,3,3,2,1
iso_0566,Sweden,2007,2,2,2,1,1,1,2
iso_0567,Mozambique,2005,2,3,3,3,2,1,3
iso_0568,South Africa,2007,3,2,2,3,2,3,2
iso_0569,Belarus,2009,2,2,3,1,3,2,3
iso_0570,Germany,2009,3,2,2,3,2,2,1
iso_0571,Czech Republic,2007,3,3,1,3,2,2,1
iso_0572,Czech Republic,2013,1,3,2,3,2,1,1
iso_0573,Czech Republic,2006,2,1,1,2,2,1,1
iso_0574,Poland,2013,3,1,1,3,3,2,2
iso_0575,Russia,2011,3,2,3,3,1,3,3
iso_0576,Poland,2007,2,1,3,2,2,2,1
iso_0577,Russia,2007,1,2,3,2,1,2,3
iso_0578,Russia,2005,2,1,2,3,1,3,1
iso_0579,South Africa,2005,2,2,3,3,2,1,3
iso_0580,Russia,2008,2,3,2,2,2,3,1
iso_0581,Malawi,2007,1,3,3,2,1,3,2
iso_0582,Czech Republic,2011,1,2,3,2,1,2,2
iso_0583,Sweden,2009,2,2,2,1,2,1,1
iso_0584,South Africa,2012,3,3,1,1,3,1,3
iso_0585,Malawi,2017,3,2,2,2,2,1,2
iso_0586,Malawi,2008,2,3,1,2,1,1,1
iso_0587,South Africa,2020,2,1,3,2,3,2,3
iso_0588,South Africa,2005,2,3,2,1,1,1,2
iso_0589,South Africa,2007,1,1,2,3,1,2,1
iso_0590,South Africa,2006,2,1,3,2,2,3,1
iso_0591,Russia,2007,3,3,2,2,1,3,2
iso_0592,Australia,2005,2,1,3,1,3,3,3
iso_0593,Czech Republic,2011,1,3,1,1,2,3,1
iso_0594,South Africa,2004,2,3,3,3,1,1,1
iso_0595,Malawi,2009,2,2,2,1,1,2,2
iso_0596,South Africa,2006,1,2,3,2,1,1,3
iso_0597,Belarus,2013,3,1,1,1,3,1,1
iso_0598,South Africa,2012,3,2,1,1,2,1,3
iso_0599,South Africa,2014,3,1,2,2,1,2,2
iso_0600,Czech Republic,2008,2,3,1,1,1,1,2
iso_0601,Malawi,2008,1,3,3,3,2,1,3
iso_0602,Russia,2014,1,2,3,2,2,3,1
iso_0603,Russia,2016,3,3,3,2,3,3,2
iso_0604,Malawi,2004,1,3,1,2,3,3,1
iso_0605,Niger,2013,2,1,1,3,3,2,3
iso_0606,Russia,2015,1,3,1,3,3,1,3
iso_0607,Germany,2009,2,3,1,3,1,2,2
iso_0608,Malawi,2011,2,2,3,1,2,2,2
iso_0609,Belarus,2006,1,2,2,1,3,2,3
iso_0610,Czech Republic,2008,1,2,2,1,1,3,1
iso_0611,Malawi,2015,3,3,2,2,1,3,2
iso_0612,Russia,2007,3,3,2,3,1,2,2
iso_0613,Russia,2009,3,2,1,3,2,2,1
iso_0614,Australia,2017,2,1,3,1,3,3,3
iso_0615,Germany,2014,2,2,1,1,2,2,3
iso_0616,Russia,2007,2,2,2,3,2,3,3
iso_0617,Russia,2013,1,3,1,3,3,2,1
iso_0618,Russia,2011,2,2,2,1,3,1,3
iso_0619,Niger,2002,2,1,2,2,2,1,2
iso_0620,South Africa,2008,3,1,2,2,2,2,1
iso_0621,South Africa,2007,2,2,3,3,1,1,3
iso_0622,Sweden,2016,2,2,2,2,2,2,1
iso_0623,South Africa,2006,3,1,1,3,3,1,3
iso_0624,Belarus,2005,1,1,3,3,3,2,3
iso_0625,South Africa,1988,2,2,1,2,1,2,1
iso_0626,Russia,2011,2,2,2,2,1,3,1
iso_0627,South Africa,2005,2,1,3,1,3,2,1
iso_0628,South Africa,2009,1,1,2,1,2,1,2
iso_0629,South Africa,2009,3,2,3,1,3,3,3
iso_0630,South Africa,2005,1,2,2,3,3,2,2
iso_0631,South Africa,2014,2,1,1,3,2,3,3
iso_0632,China,2005,2,2,1,2,2,2,3
iso_0633,Malawi,2002,3,3,1,1,1,2,3
iso_0634,Australia,1988,2,1,3,1,3,3,3
iso_0635,Belarus,2005,1,3,1,3,3,2,2
iso_0636,Malawi,2004,1,3,2,1,1,3,1
iso_0637,South Africa,2016,2,1,2,3,2,1,3
iso_0638,South Africa,2004,2,1,1,3,2,3,1
iso_0639,South Africa,2002,1,2,2,3,2,2,3
iso_0640,Germany,2007,2,1,3,3,3,2,3
iso_0641,Russia,2008,3,1,1,2,1,1,1
iso_0642,Russia,2007,3,1,3,1,1,3,3
iso_0643,Germany,2011,2,2,1,3,2,1,3
iso_0644,South Africa,2009,1,3,1,3,1,2,1
iso_0645,South Africa,2013,3,3,1,2,1,2,1
iso_0646,South Africa,2013,2,2,3,3,3,2,3
iso_0647,Mozambique,2015,2,3,3,3,2,2,2
iso_0648,Russia,2011,2,1,2,3,1,1,2
iso_0649,South Africa,2011,2,1,1,3,2,1,1
iso_0650,Russia,2007,2,1,3,3,2,1,1
iso_0651,Russia,2009,1,3,3,1,2,1,3
iso_0652,South Africa,2007,1,1,2,2,3,2,3
iso_0653,Czech Republic,2002,1,1,2,3,3,1,3
iso_0654,Poland,2011,2,1,3,2,2,3,1
iso_0655,Poland,2012,1,1,2,1,2,2,2
iso_0656,Poland,2008,2,2,2,3,1,3,3
iso_0657,Russia,2011,1,1,1,1,2,1,1
iso_0658,South Africa,2009,2,2,3,1,3,3,3
iso_0659,Belarus,2009,1,2,3,3,2,1,3
iso_0660,Czech Republic,2007,1,3,2,3,2,1,1
iso_0661,Czech Republic,2009,1,1,2,3,1,2,1
iso_0662,Russia,2002,3,2,1,2,1,3,3
iso_0663,Malawi,2007,3,1,1,3,3,2,1
iso_0664,Germany,2013,2,2,2,3,2,2,2
iso_0665,Belarus,2006,2,1,1,3,1,3,2
iso_0666,Russia,2007,1,1,2,2,3,1,1
iso_0667,Malawi,2007,2,2,1,3,2,1,3
iso_0668,Poland,2007,3,2,3,1,1,2,2
iso_0669,Russia,2008,3,3,1,2,1,1,2
iso_0670,South Africa,1988,3,1,1,2,2,2,1
iso_0671,Belarus,2008,2,1,1,3,2,3,2
iso_0672,Australia,2008,2,1,3,1,3,3,3
iso_0673,Czech Republic,2011,1,1,1,3,1,1,3
iso_0674,South Africa,2008,3,2,2,1,3,3,1
iso_0675,Russia,2005,1,2,1,1,2,3,3
iso_0676,Malawi,2013,3,1,3,1,3,2,2
iso_0677,Malawi,2007,1,1,1,3,1,1,1
iso_0678,Niger,2008,2,1,2,2,2,1,2
iso_0679,South Africa,2013,2,2,1,2,3,2,3
iso_0680,Russia,2004,3,2,1,1,1,2,2
iso_0681,Belarus,2007,3,1,2,3,2,2,3
iso_0682,Mozambique,2020,3,1,1,3,1,1,1
iso_0683,Germany,2005,1,1,3,3,3,1,1
iso_0684,Poland,2012,1,2,2,3,3,2,3
iso_0685,Belarus,2007,2,2,1,1,1,3,2
iso_0686,Poland,2007,1,1,1,1,3,2,1
iso_0687,South Africa,2009,1,2,3,3,1,1,2
iso_0688,Russia,2013,1,1,1,3,1,3,3
iso_0689,Malawi,2008,1,2,2,1,2,2,2
iso_0690,Niger,2013,2,1,2,2,2,3,2
iso_0691,Poland,2011,3,3,2,1,2,3,3
iso_0692,South Africa,2002,2,3,3,3,1,2,1
iso_0693,Belarus,2008,3,1,1,2,2,3,2
iso_0694,Malawi,2005,3,3,2,1,3,3,1
iso_0695,Russia,2006,3,2,3,3,1,2,2
iso_0696,Niger,2007,2,1,2,3,3,2,1
iso_0697,South Africa,2005,1,2,2,1,2,2,1
iso_0698,Czech Republic,2004,1,1,3,2,2,2,2
iso_0699,South Africa,2006,1,1,2,1,2,2,2
iso_0700,Germany,2005,1,2,2,2,1,1,3
iso_0701,South Africa,2005,1,3,1,2,3,2,1
iso_0702,Czech Republic,2007,3,3,3,2,1,1,1
iso_0703,Niger,2005,2,1,3,1,1,1,2
iso_0704,Czech Republic,2007,2,3,1,2,1,1,3
iso_0705,Malawi,2009,1,2,3,2,1,1,1
iso_0706,Poland,2008,3,1,3,3,2,2,3
iso_0707,South Africa,2020,1,2,1,3,1,1,3
iso_0708,Poland,2004,3,2,1,3,2,3,2
iso_0709,Malawi,2014,2,1,1,2,2,3,1
iso_0710,South Africa,2009,2,2,1,2,2,2,1
iso_0711,Poland,2007,1,1,2,1,1,2,3
iso_0712,Germany,2011,2,2,3,2,1,2,2
iso_0713,Belarus,2002,2,1,1,3,3,2,1
iso_0714,Czech Republic,2005,1,3,1,3,2,1,2
iso_0715,South Africa,2005,2,1,2,1,1,2,2
iso_0716,Belarus,2011,3,1,1,2,3,1,3
iso_0717,Poland,2011,1,3,3,2,1,3,3
iso_0718,Russia,2008,1,1,3,3,1,2,3
iso_0719,South Africa,2007,1,2,3,1,1,1,3
iso_0720,Malawi,2007,3,2,1,1,3,3,3
iso_0721,Russia,2009,3,3,2,2,1,2,1
iso_0722,Russia,2008,1,1,2,3,1,2,1
iso_0723,Czech Republic,2004,2,3,2,1,1,1,1
iso_0724,Czech Republic,2008,1,3,1,1,3,2,3
iso_0725,Russia,2007,1,3,2,3,2,2,1
iso_0726,South Africa,2014,2,2,1,3,1,1,2
iso_0727,Russia,2004,3,1,2,1,3,1,3
iso_0728,Poland,2004,2,2,2,2,2,3,3
iso_0729,Russia,2011,1,1,3,2,1,2,3
iso_0730,Czech Republic,2004,2,2,1,2,1,2,1
iso_0731,Czech Republic,2016,3,2,1,1,1,3,2
iso_0732,Poland,2002,1,3,2,2,3,2,3
iso_0733,Czech Republic,2006,3,2,2,2,2,1,3
iso_0734,Russia,2006,2,2,3,1,3,2,2
iso_0735,Belarus,2014,3,1,1,3,1,3,1
iso_0736,Russia,2005,3,2,2,3,3,1,2
iso_0737,Belarus,2015,3,1,1,3,3,2,1
iso_0738,South Africa,2007,1,1,2,3,3,3,3
iso_0739,South Africa,2013,1,3,1,1,1,2,3
iso_0740,Malawi,2008,3,3,2,3,3,3,3
iso_0741,Niger,2006,2,1,3,1,1,2,3
iso_0742,Australia,2007,2,1,3,1,3,3,3
iso_0743,Poland,2020,3,3,3,1,1,2,3
iso_0744,Russia,2020,3,3,1,3,3,3,1
iso_0745,South Africa,2005,2,3,3,2,3,3,2
iso_0746,Czech Republic,2011,3,2,1,3,2,2,2
iso_0747,Niger,2007,2,1,3,2,1,1,1
iso_0748,Belarus,2007,2,3,3,1,2,2,1
iso_0749,South Africa,2009,1,1,2,2,3,3,3
iso_0750,Poland,2017,3,1,3,1,3,3,1
iso_0751,South Africa,2013,1,1,1,3,2,1,3
iso_0752,Poland,2002,2,1,1,3,2,2,2
iso_0753,Mozambique,2007,3,1,1,3,1,3,1
iso_0754,Russia,2013,2,1,1,3,2,2,3
iso_0755,Belarus,2004,1,3,1,2,3,1,1
iso_0756,Malawi,2008,1,3,2,1,1,2,3
iso_0757,South Africa,2011,2,3,3,3,1,1,3
iso_0758,China,2007,2,2,2,1,2,3,3
iso_0759,Russia,2013,1,1,2,3,1,2,1
iso_0760,Malawi,2009,1,2,3,3,1,2,1
iso_0761,South Africa,2008,1,1,3,1,2,3,2
iso_0762,Russia,1988,1,3,2,2,1,2,1
iso_0763,Russia,2020,3,1,1,1,3,2,3
iso_0764,Poland,2005,3,1,2,2,2,1,2
iso_0765,South Africa,2008,3,2,3,1,2,3,3
iso_0766,Czech Republic,2007,1,1,2,3,1,2,1
iso_0767,Russia,2005,2,2,1,1,1,3,1
iso_0768,South Africa,2007,1,1,2,1,2,3,3
iso_0769,Malawi,2004,3,3,2,3,2,3,3
iso_0770,Czech Republic,2009,3,2,3,3,3,1,1
iso_0771,Niger,2011,2,1,3,3,2,2,2
iso_0772,South Africa,2014,1,1,2,1,2,2,2
iso_0773,Malawi,2005,2,2,1,1,2,3,1
iso_0774,Poland,2004,2,1,1,1,3,1,2
iso_0775,Australia,2007,2,1,3,1,3,3,3
iso_0776,Poland,2013,1,3,2,2,3,1,2
iso_0777,South Africa,2007,1,3,1,1,1,3,3
iso_0778,South Africa,2013,1,3,3,1,2,1,1
iso_0779,Russia,2011,3,1,2,1,2,3,3
iso_0780,South Africa,2009,1,1,2,3,1,2,1
iso_0781,Russia,2016,1,1,1,2,2,1,2
iso_0782,Belarus,2020,3,1,2,3,1,3,2
iso_0783,South Africa,2014,3,1,1,1,1,2,1
iso_0784,Niger,2005,2,2,1,2,3,1,3
iso_0785,Belarus,2017,3,1,3,3,3,1,1
iso_0786,Poland,1988,2,3,3,3,1,1,3
iso_0787,Poland,2004,2,2,2,1,1,1,2
iso_0788,Russia,2008,3,2,2,3,2,3,1
iso_0789,Germany,2008,2,1,3,3,3,3,2
iso_0790,Australia,2011,2,1,3,1,3,3,3
iso_0791,Germany,2004,2,3,3,3,2,1,2
iso_0792,Mozambique,2007,3,1,3,2,1,1,3
iso_0793,South Africa,2013,1,1,2,2,1,3,1
iso_0794,Germany,2011,2,3,1,2,1,2,1
iso_0795,Germany,2011,2,3,2,2,2,2,2
iso_0796,Czech Republic,2006,1,3,1,3,1,2,1
iso_0797,Malawi,1988,3,1,1,3,3,1,1
iso_0798,Germany,2013,2,3,3,1,3,1,3
iso_0799,Malawi,2005,1,3,1,3,2,2,1
iso_0800,Poland,2008,2,2,2,2,3,2,1
iso_0801,Russia,2020,1,2,1,1,3,3,3
iso_0802,Germany,2002,2,1,1,1,2,2,3
iso_0803,South Africa,2006,2,2,2,3,1,3,1
iso_0804,Russia,2013,1,3,3,3,1,1,2
iso_0805,South Africa,2009,1,3,3,1,1,1,1
iso_0806,Sweden,2009,2,2,3,1,1,2,2
iso_0807,Czech Republic,2007,2,1,2,3,3,1,1
iso_0808,Russia,2011,3,1,2,3,3,2,2
iso_0809,South Africa,2009,2,3,2,3,1,3,2
iso_0810,South Africa,2015,1,2,1,1,2,1,1
iso_0811,Russia,2005,3,1,2,1,1,3,1
iso_0812,South Africa,2006,1,1,2,1,2,3,3
iso_0813,Poland,2006,3,3,3,2,3,3,1
iso_0814,Sweden,2004,2,2,3,2,1,2,1
iso_0815,South Africa,2007,1,2,3,2,1,3,3
iso_0816,Czech Republic,2011,1,2,2,3,1,2,3
iso_0817,Australia,2009,2,1,3,1,3,3,3
iso_0818,South Africa,2005,2,1,1,2,2,2,1
iso_0819,Malawi,2009,1,3,2,2,3,2,3
iso_0820,South Africa,2007,2,1,3,1,2,1,1
iso_0821,Czech Republic,2013,3,2,1,2,3,2,2
iso_0822,Malawi,2007,1,3,2,2,2,3,1
iso_0823,Russia,2015,2,2,3,2,2,3,3
iso_0824,Czech Republic,1988,2,3,2,1,3,3,1
iso_0825,South Africa,2004,1,1,2,3,1,2,1
iso_0826,Germany,2017,2,3,3,2,2,3,2
iso_0827,China,2008,2,2,3,1,3,2,1
iso_0828,Czech Republic,2006,1,2,2,3,3,2,2
iso_0829,Sweden,2006,2,3,1,3,2,2,2
iso_0830,Germany,2013,3,1,2,3,3,1,1
iso_0831,Belarus,1988,3,3,2,2,1,3,2
iso_0832,Czech Republic,2012,1,2,2,3,1,1,3
iso_0833,Malawi,2004,3,3,3,1,3,1,2
iso_0834,China,2009,2,3,1,1,1,3,1
iso_0835,Czech Republic,2020,1,1,1,3,2,1,3
iso_0836,Germany,2005,3,2,3,1,1,3,3
iso_0837,Mozambique,2017,3,2,2,3,1,3,3
iso_0838,Malawi,2007,1,1,2,2,1,1,2
iso_0839,South Africa,2007,3,3,2,2,2,1,3
iso_0840,South Africa,2011,3,2,1,2,1,1,2
iso_0841,Belarus,2012,1,2,3,2,2,3,1
iso_0842,Poland,2007,3,3,2,3,1,2,2
iso_0843,Mozambique,2007,3,2,3,2,2,1,2
iso_0844,Malawi,2009,1,1,2,2,2,1,2
iso_0845,Czech Republic,2005,1,1,2,3,1,2,1
iso_0846,Russia,2013,3,3,2,2,1,2,2
iso_0847,China,2007,2,3,2,1,1,2,2
iso_0848,Malawi,2011,1,1,2,3,3,1,1
iso_0849,South Africa,2007,1,1,1,2,2,2,3
iso_0850,Poland,2004,1,3,2,3,3,3,1
iso_0851,Poland,2008,3,1,1,2,1,3,3
iso_0852,Niger,2007,2,2,1,3,1,1,1
iso_0853,South Africa,2008,2,3,2,1,2,1,3
iso_0854,Russia,2007,3,2,1,2,3,1,3
iso_0855,Australia,2006,3,1,1,2,1,1,3
iso_0856,Belarus,2011,3,2,1,3,3,1,1
iso_0857,Russia,2007,3,1,3,2,2,1,3
iso_0858,South Africa,2011,1,2,3,1,2,1,3
iso_0859,South Africa,2007,2,2,3,3,2,2,1
iso_0860,Russia,2011,1,1,1,3,3,3,3
iso_0861,Russia,2013,3,1,3,1,3,3,2
iso_0862,Niger,1988,2,2,2,1,1,1,1
iso_0863,Russia,2007,2,2,1,2,3,1,3
iso_0864,South Africa,2007,2,3,1,2,2,3,3
iso_0865,Mozambique,2009,3,3,1,1,3,3,3
iso_0866,Poland,2007,3,3,2,2,3,3,3
iso_0867,Czech Republic,2013,1,3,1,3,1,2,1
iso_0868,Belarus,2007,3,1,1,3,3,3,1
iso_0869,China,2007,2,3,2,3,3,1,1
iso_0870,Poland,2013,3,2,2,1,2,2,3
iso_0871,Poland,2008,1,3,1,2,1,1,3
iso_0872,South Africa,2008,2,1,1,1,3,2,1
iso_0873,South Africa,2011,3,3,2,1,3,1,3
iso_0874,Mozambique,2006,3,3,1,2,2,3,3
iso_0875,Malawi,2013,3,1,1,3,1,3,1
iso_0876,Russia,1988,1,2,3,3,3,1,1
iso_0877,Czech Republic,2007,3,2,3,2,1,3,3
iso_0878,Malawi,2006,2,2,1,3,1,2,2
iso_0879,Poland,2007,2,3,1,3,1,2,1
iso_0880,Germany,2007,2,3,1,3,3,1,3
iso_0881,Malawi,2007,1,3,2,2,1,3,1
iso_0882,Germany,2011,3,1,3,1,2,1,3
iso_0883,Malawi,2008,1,2,1,1,3,3,2
iso_0884,Australia,2007,3,1,1,2,1,1,3
iso_0885,Czech Republic,2013,1,2,1,3,3,2,3
iso_0886,Mozambique,2008,3,3,2,2,1,3,2
iso_0887,Australia,2013,3,1,1,2,1,1,3
iso_0888,Sweden,2005,2,3,2,1,1,1,1
iso_0889,Russia,2012,1,1,2,1,2,2,2
iso_0890,Russia,2008,1,3,1,2,1,3,2
iso_0891,Russia,2009,1,1,2,3,1,2,2
iso_0892,Czech Republic,2009,3,1,1,3,2,2,1
iso_0893,South Africa,2020,3,1,1,1,1,3,2
iso_0894,South Africa,2009,1,3,1,3,1,2,2
iso_0895,South Africa,2011,1,3,1,3,3,2,3
iso_0896,Malawi,2013,3,2,1,1,2,3,3
iso_0897,Russia,2016,2,3,3,3,3,2,1
iso_0898,Malawi,2008,2,3,3,2,3,1,2
iso_0899,South Africa,2009,3,1,1,3,1,3,1
iso_0900,Poland,2020,2,1,1,2,3,2,3
iso_0901,South Africa,2017,2,1,2,3,1,3,2
iso_0902,South Africa,2013,2,2,1,3,1,3,1
iso_0903,Belarus,2008,2,3,3,2,1,2,2
iso_0904,Czech Republic,2008,1,3,2,2,3,2,3
iso_0905,Malawi,2006,1,1,3,3,1,1,1
iso_0906,South Africa,2017,1,3,3,1,2,2,3
iso_0907,Malawi,2012,1,3,2,3,2,2,3
iso_0908,Germany,2007,2,3,3,3,1,1,3
iso_0909,Malawi,2009,2,1,2,1,1,2,3
iso_0910,Malawi,2007,3,2,2,2,2,3,2
iso_0911,South Africa,2007,3,3,3,2,1,3,2
iso_0912,Czech Republic,2007,3,1,1,2,3,3,2
iso_0913,South Africa,2008,3,3,3,2,1,1,2
iso_0914,China,2013,3,1,1,3,1,3,1
iso_0915,South Africa,1988,2,1,1,3,2,1,2
iso_0916,Poland,2009,3,1,1,2,2,1,2
iso_0917,Belarus,2013,3,2,3,1,2,1,1
iso_0918,South Africa,2013,1,2,2,3,2,2,3
iso_0919,Russia,2006,1,3,1,1,2,3,2
iso_0920,Malawi,1988,3,3,2,2,1,3,2
iso_0921,South Africa,2015,3,3,1,2,3,1,3
iso_0922,Belarus,2007,2,2,1,3,1,1,2
iso_0923,South Africa,2004,3,3,2,3,3,1,3
iso_0924,Poland,2007,2,2,1,3,2,1,2
iso_0925,Russia,2015,2,1,3,3,1,1,1
iso_0926,Russia,2013,2,1,3,3,3,3,1
iso_0927,Poland,2011,3,3,1,3,3,3,1
iso_0928,Germany,2005,1,2,2,3,3,2,1
iso_0929,Russia,2009,2,2,1,2,3,2,1
iso_0930,Russia,2014,3,2,3,1,3,1,3
iso_0931,Czech Republic,2007,3,2,1,1,1,3,3
iso_0932,Belarus,2011,3,3,1,1,3,1,3
iso_0933,Belarus,2008,2,1,1,1,1,3,3
iso_0934,Poland,2009,2,3,2,2,3,2,3
iso_0935,South Africa,2005,3,3,3,3,3,3,3
iso_0936,South Africa,1988,3,3,2,3,3,2,1
iso_0937,South Africa,2004,3,1,1,1,1,2,2
iso_0938,Russia,2013,1,3,2,2,3,2,3
iso_0939,Russia,2006,3,3,1,3,2,3,1
iso_0940,Germany,2008,1,1,3,2,1,3,2
iso_0941,South Africa,2007,3,2,1,1,2,1,2
iso_0942,Germany,2007,1,3,3,3,1,3,1
iso_0943,Belarus,2004,2,1,1,3,1,1,1
iso_0944,Poland,2007,1,1,2,1,2,2,2
iso_0945,South Africa,2013,3,2,2,3,2,3,1
iso_0946,South Africa,2007,1,3,3,1,3,1,3
iso_0947,Poland,2009,3,3,1,1,2,2,1
iso_0948,Niger,2008,2,2,2,1,1,1,2
iso_0949,Germany,2005,2,3,1,2,1,3,3
iso_0950,Belarus,2011,3,3,1,2,3,3,3
iso_0951,Poland,2006,3,1,2,2,1,1,3
iso_0952,Belarus,2020,3,3,2,1,1,3,3
iso_0953,Australia,2014,3,1,1,2,1,1,3
iso_0954,Germany,2011,3,1,3,1,2,3,3
iso_0955,Germany,2008,1,2,1,2,3,2,3
iso_0956,South Africa,2014,3,3,2,2,3,2,1
iso_0957,Malawi,2004,3,1,3,3,1,3,1
iso_0958,South Africa,2013,2,1,1,3,1,3,1
iso_0959,Czech Republic,2017,3,3,1,1,2,3,1
iso_0960,Australia,2008,3,1,1,2,1,1,3
iso_0961,Russia,2011,3,2,3,1,3,1,3
iso_0962,Czech Republic,2020,2,2,3,1,1,3,1
iso_0963,South Africa,2007,2,3,1,1,2,2,1
iso_0964,Belarus,2009,3,1,2,1,2,1,2
iso_0965,South Africa,2013,1,2,2,2,2,1,1
iso_0966,South Africa,2002,2,1,1,3,1,2,1
iso_0967,Russia,2013,2,2,1,1,1,2,3
iso_0968,China,2006,3,1,1,3,2,1,3
iso_0969,Belarus,2013,3,3,2,1,3,2,3
iso_0970,Sweden,2008,3,1,2,2,3,2,1
iso_0971,Poland,2015,3,3,3,3,2,3,3
iso_0972,South Africa,2015,1,1,2,3,1,2,1
iso_0973,Russia,2007,3,3,2,2,1,3,2
iso_0974,Sweden,2014,3,1,2,2,3,2,2
iso_0975,South Africa,2007,1,1,2,1,2,2,2
iso_0976,Malawi,2007,3,1,2,3,2,1,3
iso_0977,Poland,2006,1,2,1,2,2,1,1
iso_0978,Czech Republic,2007,2,2,1,1,1,3,3
iso_0979,China,2007,3,1,2,2,1,3,3
iso_0980,Germany,2013,3,2,1,1,1,1,3
iso_0981,Niger,2007,2,2,3,3,2,3,3
iso_0982,Australia,2011,3,1,1,2,1,1,3
iso_0983,South Africa,2008,1,2,3,2,2,1,3
iso_0984,South Africa,2007,2,2,1,1,2,1,3
iso_0985,South Africa,2007,1,1,2,3,1,2,1
iso_0986,Czech Republic,1988,1,3,2,1,2,3,3
iso_0987,Czech Republic,2002,2,2,3,1,3,3,2
iso_0988,Malawi,2013,1,1,1,3,1,2,1
iso_0989,Poland,2009,2,2,3,3,2,1,2
iso_0990,Belarus,2011,3,3,2,2,1,3,2
iso_0991,Malawi,1988,2,3,3,3,3,1,2
iso_0992,Russia,2007,3,1,3,1,3,1,3
iso_0993,Russia,2008,3,3,2,3,3,2,1
iso_0994,Belarus,2007,3,1,3,1,2,1,2
iso_0995,Malawi,2008,2,3,2,3,1,2,3
iso_0996,Mozambique,2004,3,3,2,3,2,2,2
iso_0997,South Africa,2007,1,1,3,1,3,3,3
iso_0998,Russia,2009,3,1,2,1,3,2,2
iso_0999,Germany,2013,3,2,1,1,3,2,1
iso_1000,Germany,2007,1,1,3,2,3,2,2
iso_1001,Malawi,2013,1,1,1,3,2,1,3
iso_1002,Czech Republic,2005,3,3,3,3,1,2,3
iso_1003,Malawi,2008,1,1,3,3,2,3,3
iso_1004,Russia,2007,3,1,3,1,3,1,1
iso_1005,South Africa,2012,2,3,3,3,1,3,3
iso_1006,South Africa,2007,1,2,2,2,1,1,1
iso_1007,Poland,2011,2,1,3,3,3,2,2
iso_1008,Niger,2020,2,3,1,3,2,1,2
iso_1009,Belarus,2013,3,3,2,2,1,3,2
iso_1010,Malawi,2007,1,2,1,2,3,1,1
iso_1011,Russia,2007,1,3,1,3,3,2,2
iso_1012,South Africa,2008,1,2,1,1,2,2,1
iso_1013,Russia,2004,1,3,1,1,1,3,3
iso_1014,China,2009,3,1,2,2,2,2,1
iso_1015,Russia,2013,1,3,1,3,1,3,3
iso_1016,Czech Republic,2005,1,1,3,2,2,2,2
iso_1017,Poland,2009,1,3,3,2,3,1,3
iso_1018,Belarus,2011,3,3,2,2,2,1,1
iso_1019,Russia,2004,1,2,2,2,2,3,1
iso_1020,South Africa,2011,1,1,2,2,2,3,3
iso_1021,South Africa,2009,3,3,1,1,2,2,3
iso_1022,South Africa,2008,1,3,1,1,1,3,3
iso_1023,South Africa,2004,3,3,1,1,1,1,1
iso_1024,Czech Republic,2011,3,1,1,2,1,3,2
iso_1025,Czech Republic,2005,3,2,2,1,3,1,3
iso_1026,Sweden,2007,3,2,1,1,1,2,1
iso_1027,Malawi,2017,3,3,1,1,1,2,2
iso_1028,Malawi,2006,1,1,2,3,1,1,3
iso_1029,South Africa,2016,2,3,1,1,3,2,1
iso_1030,Germany,2004,3,2,1,3,1,3,2
iso_1031,Russia,2007,3,1,3,2,3,1,3
iso_1032,Russia,2017,1,3,3,1,3,3,3
iso_1033,Germany,2007,1,3,1,2,3,1,2
iso_1034,China,2008,3,2,2,1,1,3,2
iso_1035,Australia,2007,3,1,1,2,1,1,3
iso_1036,Germany,2007,3,1,1,3,1,3,1
iso_1037,Czech Republic,2008,2,2,1,3,3,3,1
iso_1038,Russia,2009,1,3,3,1,3,2,3
iso_1039,Niger,2007,2,3,1,3,3,2,3
iso_1040,Germany,2011,3,2,1,2,1,2,3
iso_1041,Malawi,2007,3,1,2,1,2,2,1
iso_1042,Germany,2006,2,2,1,1,1,1,1
iso_1043,Belarus,2009,2,3,2,3,3,3,1
iso_1044,Sweden,2013,3,2,2,1,2,1,1
iso_1045,South Africa,2009,1,1,1,3,2,1,3
iso_1046,Poland,2008,2,1,1,1,1,2,1
iso_1047,Russia,2013,2,2,1,1,3,1,1
iso_1048,Australia,2005,3,1,1,2,1,1,3
iso_1049,Sweden,2005,3,2,3,1,3,1,3
iso_1050,Poland,2007,3,1,3,2,2,2,1
iso_1051,Czech Republic,2004,2,2,3,3,3,2,2
iso_1052,Russia,2011,3,3,3,2,1,2,3
iso_1053,South Africa,2013,3,1,3,2,1,3,2
iso_1054,Germany,2008,3,3,1,3,3,2,3
iso_1055,South Africa,2011,1,3,1,3,3,1,2
iso_1056,Czech Republic,2004,2,2,2,1,1,2,2
iso_1057,Malawi,2008,3,3,2,3,1,2,2
iso_1058,Russia,1988,3,2,1,1,3,1,3
iso_1059,Belarus,2015,3,3,2,3,1,1,1
iso_1060,Poland,2004,1,2,1,1,1,2,2
iso_1061,Malawi,2013,3,2,2,3,3,3,1
iso_1062,Niger,2009,2,3,3,3,3,1,1
iso_1063,Poland,1988,2,3,2,2,3,1,2
iso_1064,Germany,2008,1,3,1,2,1,3,3
iso_1065,Czech Republic,2004,2,1,1,3,1,3,3
iso_1066,South Africa,2007,3,1,3,2,2,1,2
iso_1067,Russia,2007,3,2,3,3,2,3,2
iso_1068,South Africa,2004,3,1,1,3,1,1,2
iso_1069,Czech Republic,2013,2,1,3,1,1,1,3
iso_1070,Poland,2006,1,1,1,3,3,1,3
iso_1071,South Africa,2007,3,3,2,2,3,1,1
iso_1072,Germany,2007,3,1,3,3,3,1,2
iso_1073,Czech Republic,2012,1,3,1,1,1,1,2
iso_1074,Australia,2009,3,1,1,2,1,1,3
iso_1075,South Africa,2016,1,2,3,3,2,2,3
iso_1076,Poland,2011,3,3,2,2,3,2,3
iso_1077,Russia,2009,1,2,2,2,1,2,2
iso_1078,Belarus,2007,3,2,2,2,1,3,3
iso_1079,Czech Republic,2006,1,1,1,2,1,3,1
iso_1080,Russia,2007,2,1,3,1,1,1,3
iso_1081,South Africa,2006,3,3,1,1,3,3,2
iso_1082,Malawi,2020,1,1,1,2,3,1,2
iso_1083,South Africa,2009,1,1,2,3,1,2,1
iso_1084,Poland,2007,1,2,3,1,3,1,3
iso_1085,Germany,2013,3,2,1,3,3,2,2
iso_1086,Germany,2004,3,1,3,2,1,1,2
iso_1087,Russia,2007,3,2,1,1,3,1,3
iso_1088,Russia,2008,2,1,3,1,3,1,3
iso_1089,Poland,2017,2,3,1,2,3,1,1
iso_1090,South Africa,2004,3,3,1,2,3,1,3
iso_1091,China,2015,3,2,2,3,1,1,2
iso_1092,Sweden,2007,3,2,3,2,1,3,1
iso_1093,South Africa,2007,3,3,2,2,1,3,2
iso_1094,South Africa,2012,1,1,2,3,1,2,1
iso_1095,Belarus,2005,3,1,3,2,3,3,2
iso_1096,South Africa,2002,2,2,3,3,2,2,1
iso_1097,China,2011,3,2,2,3,1,3,3
iso_1098,South Africa,2009,2,2,3,2,3,1,3
iso_1099,Germany,2009,2,3,1,2,2,3,1
iso_1100,Russia,2015,3,3,2,2,3,2,2
iso_1101,South Africa,2005,2,1,1,2,3,2,1
iso_1102,Czech Republic,2009,3,1,3,3,2,3,3
iso_1103,Malawi,2017,2,2,2,3,1,3,1
iso_1104,Belarus,2006,3,2,3,3,3,2,2
iso_1105,Germany,2014,3,2,3,1,1,3,1
iso_1106,Niger,2016,3,1,2,2,1,3,2
iso_1107,Malawi,2013,1,2,3,1,1,2,3
iso_1108,Czech Republic,2013,2,1,2,3,1,1,3
iso_1109,China,2008,3,2,3,2,1,3,3
iso_1110,Sweden,1988,3,2,3,2,2,1,2
iso_1111,Australia,2002,3,1,1,2,1,1,3
iso_1112,Australia,2013,3,1,1,2,1,1,3
iso_1113,Czech Republic,2008,3,3,3,3,3,2,3
iso_1114,China,2013,3,3,3,2,1,1,3
iso_1115,Germany,2013,3,3,2,1,1,2,1
iso_1116,Russia,2008,3,3,1,2,3,1,3
iso_1117,Russia,2004,1,1,1,2,3,3,2
iso_1118,South Africa,2015,2,3,2,3,3,2,2
iso_1119,China,2016,3,3,3,2,2,3,2
iso_1120,Belarus,2011,3,3,2,3,1,3,3
iso_1121,South Africa,2002,3,2,2,3,2,1,1
iso_1122,Czech Republic,2008,2,3,1,2,2,2,2
iso_1123,Poland,2005,1,1,2,3,3,2,2
iso_1124,Poland,2020,2,3,2,2,3,3,2
iso_1125,Belarus,2005,2,3,2,1,3,3,2
iso_1126,Belarus,2015,3,3,3,1,1,3,3
iso_1127,South Africa,2004,2,1,1,1,3,3,1
iso_1128,South Africa,2008,3,1,1,1,2,2,3
iso_1129,Russia,2007,3,1,1,3,1,3,1
iso_1130,South Africa,2007,1,3,1,2,1,2,2
iso_1131,Russia,2008,1,2,2,3,2,3,1
iso_1132,Poland,2012,1,2,3,2,3,2,2
iso_1133,Malawi,2011,3,1,2,2,3,2,3
iso_1134,Niger,2007,3,1,2,3,1,1,1
iso_1135,Germany,2006,2,1,3,2,2,3,2
iso_1136,Russia,2015,2,1,1,1,3,2,2
iso_1137,Germany,2007,2,1,1,2,2,2,1
iso_1138,Mozambique,2013,3,3,2,3,3,2,1
iso_1139,South Africa,2016,3,2,3,1,1,1,3
iso_1140,South Africa,2004,2,1,1,1,2,3,1
iso_1141,Malawi,2006,1,2,2,1,2,3,1
iso_1142,Czech Republic,2007,1,3,1,3,1,3,3
iso_1143,Poland,2008,2,2,2,2,1,3,2
iso_1144,Malawi,2007,1,3,3,2,1,1,3
iso_1145,Malawi,2008,1,2,3,1,3,1,1
iso_1146,Poland,2006,1,1,1,1,3,1,2
iso_1147,Germany,2013,3,3,2,2,1,3,2
iso_1148,Russia,2007,3,2,2,3,1,2,2
iso_1149,Belarus,2008,2,1,1,1,3,1,2
iso_1150,Sweden,2020,3,2,3,3,1,1,2
iso_1151,Poland,2005,1,1,1,1,2,3,1
iso_1152,South Africa,2016,3,3,2,1,1,3,1
iso_1153,Czech Republic,2009,3,2,1,2,2,1,2
iso_1154,Czech Republic,2007,1,2,3,1,2,2,2
iso_1155,Czech Republic,2007,3,2,1,3,3,3,2
iso_1156,Mozambique,2008,3,3,3,3,2,2,3
iso_1157,Malawi,2011,1,3,2,2,1,1,3
iso_1158,South Africa,2006,2,1,2,3,2,2,2
iso_1159,South Africa,2008,2,3,2,3,2,1,1
iso_1160,South Africa,2007,2,3,1,3,3,1,3
iso_1161,Russia,2012,2,2,2,3,2,2,3
iso_1162,Niger,2015,3,2,3,1,3,1,3
iso_1163,South Africa,2011,1,1,2,3,1,2,1
iso_1164,Germany,2016,3,3,3,1,2,2,2
iso_1165,Poland,2005,1,1,2,3,1,2,1
iso_1166,Malawi,2016,1,3,3,2,1,2,1
iso_1167,South Africa,2008,3,2,3,1,2,1,3
iso_1168,Malawi,2006,3,3,2,3,3,2,1
iso_1169,Czech Republic,2008,2,1,1,2,2,2,1
iso_1170,South Africa,2007,1,1,3,2,1,3,2
iso_1171,Malawi,2004,3,2,3,3,2,1,1
iso_1172,Czech Republic,2002,2,3,2,2,2,3,2
iso_1173,Sweden,2013,3,3,2,3,1,2,3
iso_1174,Russia,2004,1,1,2,1,2,1,1
iso_1175,Czech Republic,2013,3,2,3,2,3,3,2
iso_1176,Russia,2007,3,2,1,1,2,1,1
iso_1177,Malawi,2008,2,2,1,3,2,1,1
iso_1178,South Africa,2008,1,2,3,3,2,3,3
iso_1179,Czech Republic,2017,1,2,2,3,3,1,3
iso_1180,South Africa,2017,3,1,3,2,3,2,3
iso_1181,Russia,2013,1,2,3,1,1,2,1
iso_1182,Czech Republic,2015,3,1,2,3,1,2,1
iso_1183,Mozambique,2013,3,3,3,3,2,3,1
iso_1184,South Africa,2011,2,2,1,3,2,3,2
iso_1185,Czech Republic,2007,3,2,2,3,2,3,1
iso_1186,Belarus,2013,3,3,3,3,2,3,2
iso_1187,Sweden,2008,3,3,3,2,3,2,3
iso_1188,Poland,2008,2,2,2,1,1,1,2
iso_1189,Poland,2013,1,2,2,3,1,1,1
iso_1190,Poland,2006,1,1,3,1,1,3,2
iso_1191,Malawi,2007,3,3,1,3,3,3,1
iso_1192,Czech Republic,2007,1,2,2,3,2,1,1
iso_1193,Czech Republic,2011,3,1,2,2,2,2,1
iso_1194,South Africa,2007,1,1,1,1,1,3,2
iso_1195,South Africa,2012,2,3,3,3,3,3,1
iso_1196,South Africa,2020,2,2,1,3,3,2,1
iso_1197,Germany,1988,3,1,3,2,3,1,2
iso_1198,Russia,2008,3,2,1,2,1,3,3
iso_1199,South Africa,2013,1,3,2,3,2,1,3
iso_1200,Poland,2013,1,3,1,2,3,2,2